{"title":"Giovanni","markdown":{"yaml":{"title":"Giovanni","format":"html","editor":"visual"},"containsRefs":false,"markdown":"\n\n**Giovanni**는 NASA[^1] 위성에서 수집한 지리 참조(geo-referenced) 데이터를 인터넷을 통해 직접 표시해주는 플랫폼.\\\n손쉽게 NASA 위성의 다양한 기기에서 수집된 데이터를 면적 지도(area plots), 시계열(time series), 남북 평균(meridional averages), 동서 평균(zonal averages), 수직 프로파일(vertical profiles) 등 별도의 대용량 데이터 다운로드나 복잡한 프로그램 없이도 위성 관측 데이터를 다양한 형식으로 시각화하고 분석할 수 있음.\n\n[^1]: <https://www.nasa.gov/learning-resources/for-educators/for-educators-grades-9-12/>\n\nOfficial Website: <https://giovanni.gsfc.nasa.gov/giovanni/>\n\n![](images/Screenshot%202025-03-20%20at%2010.56.22.png)\n\n예를들어, GIovanni는 사하라 먼지 폭풍(Saharan dust storm) 주변 환경에서 발생하는 현상부터 허리케인 카트리나(Hurricane Katrina)가 해양 표면의 엽록소 농도에 미친 영향까지 사용자가 폭넓게 분석할 수 있음. 또한 단일 매개변수(single parameter) 및 여러 매개변수(multiple parameters)를 선택하여 특정 시간대와 지역 범위에 걸쳐 그래프를 생성할 수 있음.\n\n데이터는 여러 인터페이스를 통해 접근 및 표시되며, 각 인터페이스에서는 하나 이상의 위성 기기에서 측정된 매개변수 시각화 가능. 사용 가능한 매개변수에는 강수량, 온도, 습도, 가스 농도 등등.\n\n**Key features:**\n\n-   대기 구성, 공기질, 강수량, 해양 색상, 지표 온도, 토양 수분 등 다양한 지구환경 데이터를 제공\n\n-   지도 시각화, 시계열 플롯, 산점도, 계절 평균 계산 등의 기능 시간 범위, 지리적 영역(박스 그리기), 변수 필터링 기능\n\n-   분석 결과를 이미지 또는 CSV 등으로 다운로드 가능\n","srcMarkdownNoYaml":"\n\n**Giovanni**는 NASA[^1] 위성에서 수집한 지리 참조(geo-referenced) 데이터를 인터넷을 통해 직접 표시해주는 플랫폼.\\\n손쉽게 NASA 위성의 다양한 기기에서 수집된 데이터를 면적 지도(area plots), 시계열(time series), 남북 평균(meridional averages), 동서 평균(zonal averages), 수직 프로파일(vertical profiles) 등 별도의 대용량 데이터 다운로드나 복잡한 프로그램 없이도 위성 관측 데이터를 다양한 형식으로 시각화하고 분석할 수 있음.\n\n[^1]: <https://www.nasa.gov/learning-resources/for-educators/for-educators-grades-9-12/>\n\nOfficial Website: <https://giovanni.gsfc.nasa.gov/giovanni/>\n\n![](images/Screenshot%202025-03-20%20at%2010.56.22.png)\n\n예를들어, GIovanni는 사하라 먼지 폭풍(Saharan dust storm) 주변 환경에서 발생하는 현상부터 허리케인 카트리나(Hurricane Katrina)가 해양 표면의 엽록소 농도에 미친 영향까지 사용자가 폭넓게 분석할 수 있음. 또한 단일 매개변수(single parameter) 및 여러 매개변수(multiple parameters)를 선택하여 특정 시간대와 지역 범위에 걸쳐 그래프를 생성할 수 있음.\n\n데이터는 여러 인터페이스를 통해 접근 및 표시되며, 각 인터페이스에서는 하나 이상의 위성 기기에서 측정된 매개변수 시각화 가능. 사용 가능한 매개변수에는 강수량, 온도, 습도, 가스 농도 등등.\n\n**Key features:**\n\n-   대기 구성, 공기질, 강수량, 해양 색상, 지표 온도, 토양 수분 등 다양한 지구환경 데이터를 제공\n\n-   지도 시각화, 시계열 플롯, 산점도, 계절 평균 계산 등의 기능 시간 범위, 지리적 영역(박스 그리기), 변수 필터링 기능\n\n-   분석 결과를 이미지 또는 CSV 등으로 다운로드 가능\n"},"formats":{"html":{"identifier":{"display-name":"HTML","target-format":"html","base-format":"html"},"execute":{"fig-width":7,"fig-height":5,"fig-format":"retina","fig-dpi":96,"df-print":"default","error":false,"eval":true,"cache":null,"freeze":false,"echo":true,"output":true,"warning":true,"include":true,"keep-md":false,"keep-ipynb":false,"ipynb":null,"enabled":null,"daemon":null,"daemon-restart":false,"debug":false,"ipynb-filters":[],"ipynb-shell-interactivity":null,"plotly-connected":true,"engine":"markdown"},"render":{"keep-tex":false,"keep-typ":false,"keep-source":false,"keep-hidden":false,"prefer-html":false,"output-divs":true,"output-ext":"html","fig-align":"default","fig-pos":null,"fig-env":null,"code-fold":"none","code-overflow":"scroll","code-link":false,"code-line-numbers":false,"code-tools":false,"tbl-colwidths":"auto","merge-includes":true,"inline-includes":false,"preserve-yaml":false,"latex-auto-mk":true,"latex-auto-install":true,"latex-clean":true,"latex-min-runs":1,"latex-max-runs":10,"latex-makeindex":"makeindex","latex-makeindex-opts":[],"latex-tlmgr-opts":[],"latex-input-paths":[],"latex-output-dir":null,"link-external-icon":false,"link-external-newwindow":false,"self-contained-math":false,"format-resources":[],"notebook-links":true},"pandoc":{"standalone":true,"wrap":"none","default-image-extension":"png","to":"html","toc":true,"number-sections":true,"highlight-style":"pygments","output-file":"Giovanni.html"},"language":{"toc-title-document":"Table of contents","toc-title-website":"On this page","related-formats-title":"Other Formats","related-notebooks-title":"Notebooks","source-notebooks-prefix":"Source","other-links-title":"Other Links","code-links-title":"Code Links","launch-dev-container-title":"Launch Dev Container","launch-binder-title":"Launch Binder","article-notebook-label":"Article Notebook","notebook-preview-download":"Download Notebook","notebook-preview-download-src":"Download Source","notebook-preview-back":"Back to Article","manuscript-meca-bundle":"MECA Bundle","section-title-abstract":"Abstract","section-title-appendices":"Appendices","section-title-footnotes":"Footnotes","section-title-references":"References","section-title-reuse":"Reuse","section-title-copyright":"Copyright","section-title-citation":"Citation","appendix-attribution-cite-as":"For attribution, please cite this work as:","appendix-attribution-bibtex":"BibTeX citation:","appendix-view-license":"View License","title-block-author-single":"Author","title-block-author-plural":"Authors","title-block-affiliation-single":"Affiliation","title-block-affiliation-plural":"Affiliations","title-block-published":"Published","title-block-modified":"Modified","title-block-keywords":"Keywords","callout-tip-title":"Tip","callout-note-title":"Note","callout-warning-title":"Warning","callout-important-title":"Important","callout-caution-title":"Caution","code-summary":"Code","code-tools-menu-caption":"Code","code-tools-show-all-code":"Show All Code","code-tools-hide-all-code":"Hide All Code","code-tools-view-source":"View Source","code-tools-source-code":"Source Code","tools-share":"Share","tools-download":"Download","code-line":"Line","code-lines":"Lines","copy-button-tooltip":"Copy to Clipboard","copy-button-tooltip-success":"Copied!","repo-action-links-edit":"Edit this page","repo-action-links-source":"View source","repo-action-links-issue":"Report an issue","back-to-top":"Back to top","search-no-results-text":"No results","search-matching-documents-text":"matching documents","search-copy-link-title":"Copy link to search","search-hide-matches-text":"Hide additional matches","search-more-match-text":"more match in this document","search-more-matches-text":"more matches in this document","search-clear-button-title":"Clear","search-text-placeholder":"","search-detached-cancel-button-title":"Cancel","search-submit-button-title":"Submit","search-label":"Search","toggle-section":"Toggle section","toggle-sidebar":"Toggle sidebar navigation","toggle-dark-mode":"Toggle dark mode","toggle-reader-mode":"Toggle reader mode","toggle-navigation":"Toggle navigation","crossref-fig-title":"Figure","crossref-tbl-title":"Table","crossref-lst-title":"Listing","crossref-thm-title":"Theorem","crossref-lem-title":"Lemma","crossref-cor-title":"Corollary","crossref-prp-title":"Proposition","crossref-cnj-title":"Conjecture","crossref-def-title":"Definition","crossref-exm-title":"Example","crossref-exr-title":"Exercise","crossref-ch-prefix":"Chapter","crossref-apx-prefix":"Appendix","crossref-sec-prefix":"Section","crossref-eq-prefix":"Equation","crossref-lof-title":"List of Figures","crossref-lot-title":"List of Tables","crossref-lol-title":"List of Listings","environment-proof-title":"Proof","environment-remark-title":"Remark","environment-solution-title":"Solution","listing-page-order-by":"Order By","listing-page-order-by-default":"Default","listing-page-order-by-date-asc":"Oldest","listing-page-order-by-date-desc":"Newest","listing-page-order-by-number-desc":"High to Low","listing-page-order-by-number-asc":"Low to High","listing-page-field-date":"Date","listing-page-field-title":"Title","listing-page-field-description":"Description","listing-page-field-author":"Author","listing-page-field-filename":"File Name","listing-page-field-filemodified":"Modified","listing-page-field-subtitle":"Subtitle","listing-page-field-readingtime":"Reading Time","listing-page-field-wordcount":"Word Count","listing-page-field-categories":"Categories","listing-page-minutes-compact":"{0} min","listing-page-category-all":"All","listing-page-no-matches":"No matching items","listing-page-words":"{0} words","listing-page-filter":"Filter","draft":"Draft"},"metadata":{"lang":"en","fig-responsive":true,"quarto-version":"1.6.42","theme":{"light":"flatly","dark":"darkly"},"author-meta":"Jung-In Seo, Jeong-Wook Lee","smooth-scroll":true,"toc-location":"right","callout-appearance":"simple","title":"Giovanni","editor":"visual"},"extensions":{"book":{"multiFile":true}}}},"projectFormats":["html"]}